Country,Population,Pollution,PollutionAccess,DeathsPollution,DeathsShare,PM25,OZONE,SmokeDaily,SmokeShare,Drinking,UnsafeWater,Calories,Fat,Sanitation,Overweight,Fertility,HealthExpenditure,HealthShare,Corruption,CorruptionPerception,Trust,TrustShare,TrustMedics,Literacy,HumanRights,PoliticalRegime,GiniIndex,EconomicFreedom,TotalDeaths,TotalCases,PopulationDensity,MedianAge,Aged65,Aged70,GDPpcp,Poverty,Cardiovascular,Diabetes,SmokersFemale,SmokersMale,HospBeds,LifeExpectancy,ReproductionRate,TotalVaccinations,FullVaccinations
AFG,38928341,62.85485658,32.44,183.9413871,11.5,26,61,11.9,NaN,3.7,2.32,2090,30.62,7.196390731,19.7,4.802,166.5167266,2.93283372,4.1,16,0.3159644,45.19529051,73.44479,38.168041,-2.311016703,-1,NaN,NaN,64.529,1458.552,54.422,18.6,2.581,1.337,1803.987,NaN,597.029,9.59,NaN,NaN,0.5,64.83,1.45,0.14,NaN
AGO,32866268,36.24047917,48.05,95.2199092,5.82,NaN,NaN,8.6999998,NaN,35.6,7.94,2473,48.74,54.45297514,23.9,5.766,239.0102329,2.1249122,NaN,19,NaN,NaN,NaN,71.164162,-0.388862744,-2,42.7,5.166512658,16.643,696.307,23.89,16.8,2.405,1.362,5819.495,NaN,276.045,3.94,NaN,NaN,NaN,61.15,1.19,0.4,NaN
AIA,15002,NaN,NaN,NaN,NaN,NaN,NaN,NaN,NaN,NaN,NaN,NaN,NaN,NaN,NaN,NaN,NaN,NaN,NaN,NaN,NaN,NaN,NaN,95,NaN,NaN,NaN,NaN,NaN,NaN,NaN,NaN,NaN,NaN,NaN,NaN,NaN,NaN,NaN,NaN,NaN,81.88,NaN,35.65,NaN
ALB,2877800,14.63400837,77.42,40.48112425,7.53,NaN,NaN,20.5,28.7,53.8,0.02,3193,117.64,0.058739314,58.7,1.714,614.5359461,2.93637328,4.2,36,NaN,46.44411407,67.53741293,97.553902,0.851179641,9,29,7.538571065,793.314,44108.694,104.871,38,13.188,8.643,11803.431,1.1,304.195,10.08,7.1,51.2,2.89,78.57,0.79,0.21,0.02
AND,77265,10.87947242,100,15.56947846,4.17,NaN,NaN,26.6,33.5,68.3,0,NaN,NaN,0.011524916,68.1,NaN,4272.523818,6.341446,NaN,NaN,NaN,NaN,NaN,100,4.221864964,NaN,NaN,NaN,1514.269,159554.779,163.755,NaN,NaN,NaN,NaN,NaN,109.135,7.97,29,37.8,NaN,83.73,1.2,9.19,1.64
ARE,9890400,105.1237359,98.51,77.84550799,7.85,23,63,15.8,28.9,13,0.1,3280,89.43,0.098481483,65.9,1.765,2405.367719,2.63615158,NaN,70,0.50710827,NaN,77.08563657,92.986366,0.206362335,-8,NaN,7.485404568,153.28,47939.012,112.442,34,1.144,0.526,67293.483,NaN,317.84,17.26,1.2,37.4,1.2,77.97,1.01,35.19,22.12
ARG,45195777,14.14816717,98.4,31.05788284,5.12,5.4,43,19.299999,21.8,58.8,0.08,3229,117.16,0.137528264,63.4,2.308,1137.243423,2.6526738,4.5,40,-0.20673333,31.92407072,89.40487393,98.089973,0.784109255,9,42.7,4.839536444,1253.082,53722.475,16.177,31.9,11.198,7.441,18933.907,0.6,191.032,5.5,16.2,27.7,5,76.67,1.22,8.21,1.53
ARM,2963234,26.97289332,96.9,64.81278003,9.29,NaN,NaN,26.700001,24.1,64,0.01,2928,96.93,0.167622475,55.7,1.622,362.1252788,1.92567567,4.4,35,NaN,79.74244434,74.02420439,99.768417,0.106262163,5,32.4,7.565793873,1224.001,66776.029,102.931,35.7,11.232,7.571,8787.58,1.8,341.01,7.11,1.5,52.1,4.2,75.09,1.07,NaN,NaN
ATG,97928,15.68594257,98.75,32.35337088,5.57,NaN,NaN,3.4000001,NaN,66.6,0.18,2417,89.11,0.391845117,48.4,2.063,1208.075846,3.78461068,NaN,NaN,NaN,NaN,NaN,98.949997,1.335031449,NaN,NaN,NaN,296.136,11978.188,231.845,32.1,6.933,4.631,21490.943,NaN,191.511,13.17,NaN,NaN,3.8,77.02,0.85,26.98,NaN
AUS,25499881,6.126806421,100,10.79595183,2.86,4,38,16.299999,14.7,84,0.02,3276,153.92,0.013141523,67.2,1.856,4357.260783,6.31659265,3.6,77,0.29897258,46.97923889,95.97211475,99,1.753645266,10,34.7,7.977567819,35.647,1152.123,3.202,37.9,15.504,10.129,44648.71,0.5,107.791,5.07,13,16.5,3.84,83.44,0.9,0.62,NaN
AUT,9006400,14.96518831,100,17.58634935,4.29,8,59,29.299999,29.6,77.4,0,3768,166.72,0.031677529,58.1,1.48,5038.881645,8.72502572,NaN,76,0.15462811,59.51411089,93.88728003,98,2.275798607,10,30.5,7.564971368,1056.693,62500.777,106.749,44.4,19.202,13.748,45436.686,0.7,145.183,6.35,28.4,30.9,7.37,81.54,0.98,14.2,5.49
AZE,10139175,32.97762008,95.54,80.19455282,8.4,8,54,22.4,20.8,44,0.12,3118,58.92,1.075203164,53.5,2.092,1047.300598,1.23096748,3.6,25,NaN,88.28027359,82.42274925,99.80526,-0.397757013,-7,31.8,6.477059287,369.162,27010.975,119.309,32.4,6.018,3.871,15847.419,NaN,559.812,7.11,0.3,42.5,4.7,73,1.33,6.03,3.66
BDI,11890781,46.28293462,0.85,142.7742077,7.96,NaN,NaN,13.9,NaN,42.1,5.6,NaN,NaN,54.34633833,19.3,5.781,58.01861945,3.97372756,4.1,17,NaN,60.46061558,66.13060089,85.496094,-1.595026447,-1,39.2,5.932866637,0.505,249.773,423.062,17.5,2.562,1.504,702.225,71.7,293.068,6.05,NaN,NaN,0.8,61.58,1.2,NaN,NaN
BEL,11589616,16.04343237,100,19.12751273,4.57,8.6,51,26.1,28.2,82.3,0.02,3733,155.93,0.046292122,64.1,1.786,4391.595144,8.24998947,3.9,75,NaN,53.4546556,96.73120297,99,2.729590384,8,28.1,7.324201584,2005.847,78058.928,375.564,41.8,18.571,12.849,42658.576,0.2,114.898,4.29,25.1,31.4,5.64,81.63,1.01,13.16,4.95
BEN,12123198,95.96032285,6.44,113.1595756,7.65,NaN,NaN,7.6999998,6.4,39.4,6.51,2619,58.14,51.04680969,26.3,5.048,85.60836075,2.25119628,NaN,40,NaN,42.41171592,49.76686575,38.44714,0.883672664,7,47.8,5.978389576,7.671,603.224,99.11,18.8,3.244,1.942,2064.236,49.6,235.848,0.99,0.6,12.3,0.5,61.77,0.83,NaN,NaN
BFA,20903278,110.7308018,8.93,133.1826638,8.33,NaN,NaN,10.5,12.5,38,5.71,2720,67.71,51.99957384,20,5.436,82.30537688,2.59397374,NaN,41,NaN,54.6611032,74.75634286,37.7467,0.092185174,6,35.3,6.059183395,7.176,614.497,70.151,17.6,2.409,1.358,1703.102,43.7,269.048,2.42,1.6,23.9,0.4,61.58,0.9,NaN,NaN
BGD,164689383,101.0171569,17.72,108.5254782,13.83,38,58,22.4,23,1.9,2.86,2450,33.95,17.67366629,19,2.133,88.07585743,0.78653251,4.2,26,-0.17336532,85.59957425,89.73409995,61.493832,-1.422503477,1,32.1,6.320027985,56.98,3956.855,1265.036,27.5,5.098,3.262,3523.984,14.8,298.003,8.38,1,44.7,0.8,72.59,1.5,3.36,NaN
BGR,6948445,25.64668767,88.65,51.39213645,7.14,12,54,32.299999,37,67.4,0.01,2829,95.48,0.012146581,66.3,1.545,1398.878488,4.60763146,4.3,42,NaN,31.87849326,80.79629579,98.38858,0.618488942,9,37.4,7.413846286,1984.041,51358.11,65.18,44.7,20.801,13.272,18563.307,1.5,424.688,5.81,30.1,44.4,7.454,75.05,0.98,5.97,1.51
BHR,1701583,79.69099954,100,62.90044938,12.23,49,61,19,26.4,9.8,0.14,NaN,NaN,0.195757037,64.4,2.056,2272.895905,3.1505003,NaN,36,NaN,NaN,NaN,95.717262,-0.373735987,-10,NaN,7.547998735,320.29,88629.823,1935.907,32.4,2.372,1.387,43290.705,NaN,151.689,16.52,5.8,37.6,2,77.29,1.14,31.73,18.59
BHS,393248,12.79114179,100,32.16057828,4.44,NaN,NaN,10.1,11.5,55,0.11,2670,71.7,0.184899912,65.2,1.778,1818.768493,3.5506727,NaN,65,NaN,NaN,NaN,95.599998,0.844839947,NaN,NaN,7.348118274,480.613,23572.911,39.497,34.3,8.996,5.2,27717.847,NaN,235.954,13.17,3.1,20.4,2.9,73.92,0.9,1.78,NaN
BIH,3280815,39.27178089,63.38,58.07743401,9.11,NaN,NaN,31.200001,38.9,57.2,0.01,3154,82,0.032876775,56.4,1.345,957.3969791,6.81307708,4.4,38,-0.19310626,21.09446821,75.46247621,98.485764,1.163504478,NaN,33.8,6.621755881,2149.466,54104.239,68.496,42.5,16.569,10.711,11713.895,0.2,329.635,10.08,30.2,47.7,3.5,77.4,1.19,NaN,NaN
BLR,9449321,19.79873107,98.18,50.71194995,6.83,NaN,NaN,26.9,26.7,79.2,0,3250,125.22,0.028614974,62.9,1.686,1030.992411,3.74175525,NaN,44,NaN,47.39126444,77.72965338,99.722038,-0.02901722,-7,26.7,6.222585784,243.827,34844.62,46.858,40.3,14.799,9.788,17167.967,NaN,443.129,5.18,10.5,46.1,11,74.79,1.06,0.43,0.28
BLZ,397621,20.18159894,85.43,44.21203868,5.83,9.1,45,8.8999996,NaN,28.6,0.51,2751,80.62,1.317907171,51.8,2.544,488.7354549,3.87965784,NaN,NaN,NaN,NaN,NaN,82.776817,0.940695757,-10,53.3,6.861622623,799.757,31379.127,16.426,25,3.853,2.279,7824.362,NaN,176.957,17.11,NaN,NaN,1.3,74.62,0.41,5.55,NaN
BMU,62273,10.47401764,NaN,17.6436257,4.33,NaN,NaN,NaN,NaN,NaN,0.06,2671,109.6,0.04260541,NaN,NaN,NaN,NaN,NaN,NaN,NaN,NaN,NaN,98,NaN,NaN,NaN,NaN,NaN,NaN,1308.82,NaN,NaN,NaN,50669.315,NaN,139.547,13,NaN,NaN,NaN,82.59,NaN,38.2,27.88
BOL,11673029,22.04269225,64,53.87507204,6.4,8,46,24.4,NaN,51.7,0.49,2256,57.33,1.498984291,53.2,2.921,427.4112965,4.56537754,4.3,29,-0.16032963,49.87210383,64.40238814,95.141922,0.993489422,7,45.8,6.23460416,1059.365,23720.493,10.202,25.4,6.704,4.393,6885.829,7.1,204.299,6.89,NaN,NaN,1.1,71.51,0.97,1.97,1.1
BRA,212559409,12.65285893,95.59,30.32107718,4.91,10,45,13.8,13.9,57.7,0.22,3263,124.57,1.200414707,56.9,1.74,1318.17208,3.83175989,4.6,35,-0.002689139,14.50147619,72.62909074,92.586807,-1.167172456,8,51.3,5.758552944,1585.19,61632.558,25.04,33.5,8.552,5.06,14103.452,3.4,177.961,8.11,10.1,17.9,2.2,75.88,0.92,8.37,2.38
BRB,287371,18.41481258,99.44,35.06816141,6.18,12,34,6,7.8,68.6,0.09,2937,92.75,0.205553848,55.3,1.796,1013.966882,4.74463222,NaN,68,NaN,NaN,NaN,99.699997,1.171229206,NaN,NaN,6.441310507,149.632,12844.024,664.463,39.8,14.952,9.473,16978.068,NaN,170.05,13.57,1.9,14.5,5.8,79.19,0.71,22.18,NaN
BRN,437483,6.429309073,100,20.30087711,2.79,NaN,NaN,11.5,16.9,20.4,0.02,2985,82.6,0.038984465,42.2,1.884,1777.758609,2.48556787,NaN,63,NaN,NaN,NaN,96.656532,1.976181804,NaN,NaN,6.941173001,6.857,489.162,81.347,32.4,4.591,2.382,71809.251,NaN,201.285,12.79,2,30.9,2.7,75.86,0.71,0.08,NaN
BTN,771612,55.79888972,52.5,73.10805519,9.6,NaN,NaN,11,NaN,10.3,2.03,NaN,NaN,12.25704669,25.4,2.086,281.0963427,2.61503965,NaN,68,NaN,NaN,NaN,63.906818,1.795294373,5,38.8,7.036470399,1.296,1161.205,21.188,28.6,4.885,2.977,8708.597,1.5,217.066,9.75,NaN,NaN,1.7,71.78,0.54,60.87,NaN
BWA,2351625,23.13720408,64.08,69.80400608,5.77,NaN,NaN,13.5,20,41.5,2.91,2326,64.87,18.67659574,38.4,2.774,870.83699,3.19388446,NaN,61,-0.33846158,55.09423348,64.74549043,88.224411,1.214679585,8,60.5,7.437125791,261.947,17736.671,4.044,25.8,3.941,2.242,15807.374,NaN,237.372,4.81,5.7,34.4,1.8,69.59,1.09,0.55,NaN
CAF,4829764,66.32023289,0.97,199.6509972,7.38,14,52,8.3999996,NaN,21.4,8.02,1879,49.02,115.5583739,23.2,4.94,24.95621963,2.05694298,NaN,26,NaN,NaN,NaN,36.752609,-2.056797688,0,56.2,5.085648,15.115,1100.054,7.479,18.3,3.655,2.251,661.24,NaN,435.727,6.1,NaN,NaN,1,53.28,0.98,NaN,NaN
CAN,37742157,7.525224482,100,10.71661841,2.8,3.9,50,14.5,14.3,77.1,0.02,3494,153.17,0.079081263,67.5,1.586,4640.946497,7.41193189,3.7,81,0.24527504,65.08738358,94.25868259,99,2.791056339,10,34,7.989774329,612.896,27233.579,4.037,41.4,16.984,10.797,44017.591,0.5,105.599,7.37,12,16.6,2.5,82.43,1.21,15.97,1.94
CHE,8654618,10.51208667,100,11.70517165,3.58,7.4,60,19.799999,25.7,88.5,0.01,3391,149.45,0.019432072,57.9,1.54,6468.495573,7.69511736,2.7,85,0.088283934,81.46982065,94.91527533,99,2.10741004,10,32.5,8.387414206,1202.017,70514.262,214.243,43.1,18.436,12.644,57410.166,NaN,99.739,5.59,22.6,28.9,4.53,83.78,0.59,11.51,6.96
CHL,19116209,21.9671149,92.28,24.29921298,5.05,9.1,44,28.6,37.8,65.9,0.09,2979,88.38,0.252415194,64.4,1.785,1749.363241,3.85130942,4.3,67,-0.083214097,43.26279147,75.70090359,96.627548,1.127567152,10,47.7,7.780627687,1241.564,54287.961,24.282,35.4,11.087,6.938,22767.037,1.3,127.993,8.46,34.2,41.5,2.11,80.18,1.04,37.2,21.93
CHN,1439323774,56.33014796,59.26,72.67678886,11.89,41,68,24.9,25.6,44.1,0.04,3108,97.58,0.199308384,33.8,1.617,730.5178031,3.09517428,NaN,39,0.55280578,NaN,78.09153256,96.357452,-1.298812854,-7,42.2,6.451520582,3.363,70.811,147.674,38.7,10.641,5.929,15308.712,0.7,261.899,9.74,1.9,48.4,4.34,76.91,1.3,NaN,NaN
CIV,26378275,57.77137282,18.23,118.8365594,7.25,8.7,39,10.3,NaN,23.3,5.06,2799,55.02,34.45343821,28.7,4.976,187.0199205,1.67853849,NaN,35,NaN,35.647216,54.73376348,43.26532,-0.439045513,4,41.7,5.994718394,9.705,1700.414,76.399,18.7,2.933,1.582,3601.006,28.2,303.74,2.42,NaN,NaN,NaN,57.78,0.91,0.19,NaN
CMR,26545864,139.7057901,23.04,113.9615145,6.95,22,47,7,NaN,43.2,5.47,2671,53.58,37.84990116,29.7,4.778,121.9234186,0.93863369,4.5,25,-0.53091615,51.24509231,63.27670194,74.98558,-0.931839823,-4,46.5,5.844995065,32.058,2159.922,50.885,18.8,3.165,1.919,3364.926,23.8,244.661,7.2,NaN,NaN,1.3,59.29,0.16,NaN,NaN
COD,89561404,56.27516385,4.02,142.6803299,8.33,12,59,8,NaN,27.9,4.81,NaN,NaN,45.95341386,22.1,6.202,32.28043161,1.59835647,4.3,20,NaN,NaN,NaN,77.221672,-2.431054595,5,42.1,5.679637719,8.318,316.844,35.879,17,3.02,1.745,808.133,77.1,318.949,6.1,NaN,NaN,NaN,60.68,0.92,NaN,NaN
COG,5518092,55.83271511,24.13,113.0051803,6.44,13,47,8.6999998,26.9,28.7,4.5,2208,47.18,48.24132194,28.1,4.721,322.6333656,4.21192085,NaN,19,NaN,34.56901758,43.4283108,79.311172,-1.285834248,-4,48.9,5.0329102,24.827,1827.443,15.405,19,3.402,2.063,4881.406,37,344.094,7.2,1.7,52.3,NaN,64.57,0.34,NaN,NaN
COL,50882884,17.11938773,91.79,22.09623922,5.11,6.6,40,11.3,9,48.3,0.22,2804,84.73,0.23809823,58.6,1.874,961.8879703,5.40994315,4.4,36,0.005546534,30.40162995,70.36261044,94.577057,-0.892362842,7,51.1,6.4960464,1268.088,48508.178,44.223,32.2,7.646,4.312,13254.949,4.5,124.24,7.44,4.7,13.5,1.71,77.29,1.29,4.04,0.83
COM,869595,19.14635158,9.34,93.98944769,8.89,NaN,NaN,10.4,14,11.9,4.96,NaN,NaN,36.88599977,24.8,4.42,100.8161178,2.21732035,NaN,27,NaN,25.42073101,51.63248047,78.13739,2.276412694,9,45,NaN,167.894,4298.553,437.352,20.4,2.963,1.726,1413.89,18.1,261.516,11.88,4.4,23.6,2.2,64.32,0.95,NaN,NaN
CPV,555988,66.64177108,71.05,50.81777756,7.66,NaN,NaN,6.5999999,9.1,38.6,0.8,NaN,68.5,3.274660821,32.1,2.374,310.123883,3.55722675,NaN,57,NaN,NaN,NaN,88.465424,1.496484765,10,47.2,6.662962575,311.158,32416.167,135.58,25.7,4.46,3.437,6222.554,NaN,182.219,2.42,2.1,16.5,2.1,72.98,1.18,0.39,NaN
CRI,5094114,18.53054595,93.45,21.21308224,4.43,9.5,39,12.1,11.9,51.4,0.16,2848,108.78,0.089880218,61.5,1.8,1389.336918,6.76760152,NaN,56,-0.14910293,59.62428331,84.78545401,97.647247,1.586318505,10,48.2,7.544079485,588.915,43156.867,96.079,33.6,9.468,5.694,15524.995,1.3,137.973,8.78,6.4,17.4,1.13,80.28,0.85,5.72,4.19
CUB,11326616,16.6241175,79.44,32.46048102,6.15,7.1,44,16.6,35.2,62.2,0.2,3409,72.02,0.450286779,62.2,1.72,2474.616779,10.57366249,NaN,47,NaN,NaN,NaN,99.710716,-0.227479039,-7,NaN,NaN,38.847,7207.802,110.408,43.1,14.738,9.719,NaN,NaN,190.968,8.27,17.1,53.3,5.2,78.8,1.17,NaN,NaN
CYM,65720,NaN,NaN,NaN,NaN,NaN,NaN,NaN,NaN,NaN,NaN,NaN,NaN,NaN,NaN,NaN,NaN,NaN,NaN,NaN,NaN,NaN,NaN,98.867821,NaN,NaN,NaN,NaN,NaN,NaN,256.496,NaN,NaN,NaN,49903.029,NaN,NaN,13.22,NaN,NaN,NaN,83.92,NaN,46.57,30.67
CYP,875899,17.86639632,100,25.95910461,6.45,NaN,NaN,31.6,36.4,85,0.02,2649,111.52,0.030159605,60.8,1.35,2062.374058,3.33201922,4.2,59,NaN,47.36977797,74.4067518,99.059776,1.523086737,10,35.6,7.708212245,301.405,55756.429,127.657,37.3,13.416,8.563,32415.132,NaN,141.171,9.24,19.6,52.7,3.4,80.98,1.17,13.09,5.35
CZE,10708982,19.17869055,97.13,30.15992328,5.85,11,57,23.6,34.3,89.1,0.05,3256,141.69,0.018139285,66.7,1.522,2146.320883,6.26497638,4.4,59,-0.45068413,46.50968547,90.89351156,99,2.988253679,9,25.9,7.573594724,2537.029,145228.09,137.176,43.3,19.027,11.58,32605.906,NaN,227.485,6.82,30.5,38.3,6.63,79.38,0.74,11.69,5.71
DEU,83783945,13.45779609,100,19.82826478,4.42,8.6,55,22.299999,30.6,80.3,0.01,3499,148.16,0.038286663,62.8,1.45,5182.114049,8.69723732,3.9,80,-0.11882253,53.56518787,93.93580932,99,2.930530899,10,31.4,7.679705306,921.955,34731.022,237.016,46.6,21.453,15.957,45229.245,NaN,156.139,8.31,28.2,33.1,8,81.33,1.03,12.58,5.41
DJI,988002,71.70929766,11.52,80.6963249,6.49,NaN,NaN,21.5,13.1,5.8,3.27,2607,60.16,22.75358312,35.7,2.913,337.9588614,6.75084759,NaN,31,NaN,NaN,NaN,67.900002,-0.223077108,4,44.1,NaN,86.032,9221.641,41.285,25.4,4.213,2.38,2705.406,22.5,258.037,6.05,1.7,24.5,1.4,67.11,1.47,NaN,NaN
DMA,71991,16.87333694,90.6,37.67525842,5.18,NaN,NaN,5.5,NaN,59,0.18,2931,80.14,0.695014401,60.7,NaN,586.9019134,3.76797285,NaN,57,NaN,NaN,NaN,94,1.875982784,NaN,NaN,NaN,NaN,2291.953,98.567,NaN,NaN,NaN,9673.367,NaN,227.376,11.62,NaN,NaN,3.8,75,0.18,22.31,NaN
DNK,5792203,10.32874421,100,19.32488726,4.36,7.3,48,18.700001,19.1,88.6,0.02,3367,131.26,0.037141231,59.2,1.736,4782.059514,9.15873411,2.2,88,NaN,70.04632757,97.15014997,99,3.036424591,10,28.5,7.766156184,420.047,40573.336,136.52,42.3,19.677,12.325,46682.515,0.2,114.767,6.41,19.3,18.8,2.5,80.9,1,13.63,7.06
DOM,10847904,23.69819597,90.41,36.97274516,5.02,5.6,47,11.1,13.7,55.2,0.5,2614,106.7,1.304716795,59.9,2.451,580.3284081,2.92737565,NaN,30,NaN,54.97629988,84.21856599,92.465424,-0.293057049,8,44.9,7.18506935,309.276,23470.248,222.873,27.6,6.981,4.419,14600.861,1.6,266.653,8.2,8.5,19.1,1.6,74.08,0.85,9.22,0.94
DZA,43851043,37.23095588,92.62,43.68351173,7.87,NaN,NaN,11.2,15.6,9.3,0.11,3296,79.69,0.170167278,60.7,2.839,932.1002838,5.24414553,4.6,35,-0.17737062,38.0593098,64.20654271,79.608398,0.354196847,2,27.6,4.985321051,70.968,2688.169,17.348,29.1,6.211,3.857,13913.839,0.5,278.364,6.73,0.7,30.4,1.9,76.88,1.01,NaN,NaN
ECU,17643060,13.1676851,95.58,27.13524291,4.41,8.3,38,6.4000001,7.1,47.3,0.24,2344,89.31,0.521760592,54.9,2.514,1039.756586,4.50815657,NaN,34,NaN,49.38321131,75.13579245,94.515472,0.643758092,5,46.5,6.058442512,963.778,19140.784,66.939,28.1,7.104,4.458,10581.936,3.6,140.448,5.55,2,12.3,1.5,77.01,1.1,1.2,0.51
EGY,102334403,126.0282315,97.62,113.3555118,12.12,34,63,18.4,25.2,6.5,0.63,3522,56.83,2.697114692,61.9,3.311,594.1102516,2.1553845,4.1,35,0.60902089,NaN,90.67788026,75.842621,-1.536419686,-4,31.8,5.712223766,119.735,2017.992,97.999,25.3,5.159,2.891,10550.206,1.3,525.432,17.31,0.2,50.1,1.6,71.99,1.06,NaN,NaN
ERI,3546427,50.51448122,16.32,132.7004743,7.53,NaN,NaN,5.9000001,5.7,43.3,7.38,NaN,NaN,77.74130829,19.2,4.208,51.0405941,1.52746401,NaN,24,NaN,NaN,NaN,73.845253,-1.9641295,-7,NaN,NaN,2.82,948.278,44.304,19.3,3.607,2.171,1510.459,NaN,311.11,6.05,0.2,11.4,0.7,66.32,1.08,NaN,NaN
ESP,46754783,9.960824015,100,14.48129276,4.11,6.1,56,24.700001,29.3,68.3,0.01,3174,149.34,0.00860015,67.2,1.352,2965.818325,6.3999919,4.5,58,0.2410433,32.31604684,97.08922226,98.11451,1.191515174,10,36,7.551851757,1623.599,70964.889,93.105,45.5,19.436,13.799,34272.36,1,99.403,7.17,27.4,31.4,2.97,83.56,1.03,13.09,6.21
EST,1326539,5.928305245,92.89,15.65168687,2.96,4.8,47,26.299999,31.3,65.2,0,3253,106.45,0.016195713,60.4,1.617,1668.313467,5.0283959,3.7,73,0.086126119,52.50994431,87.78426688,99.823509,2.713978606,9,34.6,7.837735993,726.703,83435.165,31.033,42.7,19.452,13.491,29481.252,0.5,255.569,4.02,24.5,39.3,4.69,78.74,0.74,17.28,5.26
ETH,114963583,49.73530571,3.51,88.82900506,7.56,26,44,3.7,4.4,15.7,8.9,2131,26.81,59.24039869,18.1,4.317,72.96435215,2.86756675,3.1,34,NaN,92.34129794,86.1448715,49.031521,-1.950493427,0,33.2,5.746327451,26.313,1908.265,104.957,19.8,3.526,2.063,1729.927,26.7,182.634,7.47,0.4,8.5,0.3,66.6,1.09,NaN,NaN
FIN,5540718,6.234267477,100,8.5074915,2.05,3.8,46,16.5,20.4,68,0,3368,139.6,0.006311233,62.5,1.77,3701.141127,7.28981427,2.9,85,0.099907011,61.45293997,96.75935668,100,3.154019291,10,26.8,7.620819275,155.215,14450.835,18.136,42.8,21.228,13.264,40585.721,NaN,153.507,5.76,18.3,22.6,3.28,81.91,0.88,17.61,1.62
FJI,896444,7.658563742,39.56,100.5946678,9.23,NaN,NaN,14.3,22.6,41.4,0.76,2943,95.29,4.531728393,63.4,2.541,364.0509182,2.95320811,4.1,NaN,NaN,NaN,NaN,93.699997,1.399055863,2,36.4,6.808111223,2.231,74.74,49.562,28.6,6.224,3.284,8702.975,1.4,412.82,14.49,10.2,34.8,2.3,67.44,NaN,NaN,NaN
FLK,3483,NaN,NaN,NaN,NaN,NaN,NaN,NaN,NaN,NaN,NaN,NaN,NaN,NaN,NaN,NaN,NaN,NaN,NaN,NaN,NaN,NaN,NaN,NaN,NaN,NaN,NaN,NaN,NaN,NaN,NaN,NaN,NaN,NaN,NaN,NaN,NaN,NaN,NaN,NaN,NaN,81.44,NaN,62.79,NaN
FRA,68147687,11.8693378,100,11.81922211,3.28,8.1,55,27.299999,32.7,94.8,0.01,3482,157.67,0.016624224,62.9,1.979,4508.134566,9.02451437,4.1,72,-0.16548221,45.88092327,94.62188059,99,1.868426729,9,32.3,7.23569039,1429.704,71932.375,122.578,42,19.718,13.079,38605.671,NaN,86.06,4.77,30.1,35.6,5.98,82.66,1.18,13.73,4.58
FRO,48865,NaN,NaN,NaN,NaN,NaN,NaN,NaN,NaN,NaN,NaN,NaN,NaN,NaN,NaN,NaN,NaN,NaN,NaN,NaN,NaN,NaN,NaN,NaN,NaN,NaN,NaN,NaN,NaN,NaN,35.308,NaN,NaN,NaN,NaN,NaN,NaN,NaN,NaN,NaN,NaN,80.67,NaN,13.59,8.45
FSM,115021,8.667210756,11.97,90.16464758,NaN,NaN,NaN,NaN,NaN,40.7,NaN,NaN,NaN,2.010716858,70.1,3.194,472.6489554,12.43375206,NaN,NaN,NaN,NaN,NaN,NaN,2.577860364,NaN,40.1,NaN,NaN,8.694,150.777,23,4.81,2.392,3299.464,16,454.343,12.02,NaN,NaN,NaN,67.88,NaN,NaN,NaN
GAB,2225728,47.39460459,79.12,72.05364229,6.06,NaN,NaN,10.9,NaN,41.1,2.27,2830,56.23,16.74263406,36.9,3.85,599.264164,2.35058092,NaN,31,NaN,21.23467484,50.36380457,83.237877,0.072854102,3,42.2,5.864793558,53.466,8924.271,7.859,23.1,4.45,2.976,16562.413,3.4,259.967,7.2,NaN,NaN,6.3,66.47,1.02,0.11,NaN
GBR,67886004,11.52028708,100,17.78370015,4.08,9.7,44,20.1,22.3,83.9,0.01,3424,141.03,0.004186067,67.2,1.876,3376.869965,7.57885017,3.7,80,0.23470205,51.02283254,92.76632294,99,2.221622899,10,34.1,8.007157126,1872.639,64505.682,272.898,40.8,18.517,12.527,39753.244,0.2,122.137,4.28,20,24.7,2.54,81.32,0.71,46.58,8.1
GEO,3989175,20.73469811,77.79,70.5119262,8.32,NaN,NaN,22.700001,28.8,36.1,0.02,2905,70.02,0.22374203,57.2,2.003,627.7407641,1.55273054,3.1,58,-0.20484574,41.2450577,79.96180005,99.759621,0.846184377,7,38.5,8.02,960.6,71432.815,65.032,38.7,14.864,10.244,9745.079,4.2,496.218,7.11,5.3,55.5,2.6,73.77,1.17,0.29,NaN
GGY,67052,NaN,NaN,NaN,NaN,NaN,NaN,NaN,NaN,NaN,NaN,NaN,NaN,NaN,NaN,NaN,NaN,NaN,NaN,NaN,NaN,NaN,NaN,NaN,NaN,NaN,NaN,NaN,NaN,NaN,NaN,NaN,NaN,NaN,NaN,NaN,NaN,NaN,NaN,NaN,NaN,NaN,NaN,38.4,11.42
GHA,31072945,54.24258644,21.71,105.4369339,7.48,NaN,NaN,3.9000001,3.9,23.3,3.04,3016,40.32,20.67334433,29.3,4.042,145.3681314,2.12888509,4.4,41,-0.19801778,65.84309869,88.78278195,76.575897,0.23130234,8,42.2,6.601015102,24.201,2926.855,126.719,21.1,3.385,1.948,4227.63,12,298.245,4.97,0.3,7.7,0.9,64.07,0.85,1.61,NaN
GIB,33691,NaN,NaN,NaN,NaN,NaN,NaN,NaN,NaN,NaN,NaN,NaN,NaN,NaN,NaN,NaN,NaN,NaN,NaN,NaN,NaN,NaN,NaN,80,NaN,NaN,NaN,NaN,NaN,NaN,3457.1,NaN,NaN,NaN,NaN,NaN,NaN,NaN,NaN,NaN,NaN,79.93,NaN,95.85,84.93
GIN,13132792,46.14092124,1.24,160.5037718,9.69,NaN,NaN,6.3000002,NaN,8.7,4.12,2566,68.8,38.88286331,23.8,4.934,68.45821523,2.73624478,NaN,28,NaN,49.88572346,68.23256114,30.47279,0.002368991,4,33.7,5.9311292,9.899,1561.739,51.755,19,3.135,1.733,1998.926,35.3,336.717,2.42,NaN,NaN,0.3,61.6,1.12,NaN,NaN
GMB,2416664,95.04387071,3.3,134.3927706,9.39,NaN,NaN,12.1,15.5,11,3.69,2628,80.44,26.52067008,27.9,5.488,118.4280064,5.04561252,NaN,37,NaN,71.55132418,82.52206113,55.572762,0.641877161,-5,47.3,7.359703603,68.69,2302.347,207.566,17.5,2.339,1.417,1561.767,10.1,331.43,1.91,0.7,31.2,1.1,62.05,0.81,0.22,NaN
GNB,1967998,59.16484482,1.52,161.798034,7.62,NaN,NaN,6.5999999,NaN,30,7.27,2292,62.97,69.98384209,26.9,4.71,90.95910835,1.14512231,NaN,16,NaN,NaN,NaN,59.77285,1.201649104,6,50.7,5.204764232,33.537,1860.774,66.191,19.4,3.002,1.565,1548.675,67.1,382.474,2.42,NaN,NaN,NaN,58.32,0.7,NaN,NaN
GNQ,1402985,71.17976196,34.39,78.35860985,4.6,NaN,NaN,9.1999998,NaN,40,2.2,NaN,NaN,12.06473952,25.1,4.775,1163.416147,2.93271044,NaN,16,NaN,NaN,NaN,95.195663,0.004124115,-6,NaN,NaN,74.128,5031.415,45.194,22.4,2.846,1.752,22604.873,NaN,202.812,7.78,NaN,NaN,2.1,58.74,1.13,0.79,0.21
GRC,10423056,11.29831318,94.29,25.72366268,5.77,10,59,35.5,43.4,66.2,0,3400,150.99,0.005301204,67.1,1.314,2098.052256,4.98503919,4.6,45,-0.35150549,17.22110334,86.19768614,95.29287,0.723140758,10,35.8,6.492319707,818.57,27014.15,83.479,45.3,20.396,14.524,24574.382,1.5,175.695,4.55,35.3,52,4.21,82.24,1.14,12.18,6.49
GRD,112519,18.498453,96.58,49.21216663,7.08,NaN,NaN,9.3999996,NaN,48.4,0.11,2447,78.95,0.39240242,49.4,2.126,728.3131701,2.82735742,NaN,52,NaN,NaN,NaN,96,2.360295215,NaN,NaN,NaN,8.887,1377.545,317.132,29.4,7.304,5.021,13593.877,NaN,243.964,10.71,NaN,NaN,3.7,72.4,0,8.73,NaN
GRL,56772,4.0711839,NaN,32.67641335,4.36,4.9,46,NaN,NaN,NaN,0.02,NaN,NaN,0.312053397,NaN,NaN,NaN,NaN,NaN,NaN,NaN,NaN,NaN,100,NaN,NaN,NaN,NaN,NaN,NaN,0.137,NaN,NaN,NaN,NaN,NaN,199.941,2.16,NaN,NaN,NaN,71.7,NaN,6.92,2.12
GTM,17915567,28.5220862,45.23,65.97900026,8.07,14,43,6.3000002,NaN,42.3,2.51,2419,60.71,9.510393739,51.4,3.029,472.8508497,2.33472902,NaN,27,-0.36296293,38.16972694,69.37378708,79.074211,0.296720965,8,48.7,7.623024421,385.307,10997.14,157.834,22.9,4.694,3.016,7423.808,8.7,155.898,10.18,NaN,NaN,0.6,74.3,0.86,0.66,0.01
GUY,786559,19.74407395,74.48,63.13106941,6.49,NaN,NaN,15.3,NaN,59.5,0.66,2764,65.87,2.578663356,47.5,2.534,378.7863101,3.11969809,NaN,37,NaN,NaN,NaN,87.535316,0.90521378,7,44.5,6.319215573,314.026,13523.461,3.952,26.3,5.305,2.837,7435.047,NaN,373.159,11.62,NaN,NaN,1.6,69.91,1.1,5.14,NaN
HND,9904608,29.49751121,53.1,51.35947879,6.57,11,43,11.3,2,47.4,1.78,2641,69.14,7.583627666,51.9,2.507,399.7498092,4.41783425,NaN,29,NaN,45.05411814,77.43771085,88.424583,-0.621338298,7,50.1,7.053142395,473.113,19426.614,82.805,24.9,4.652,2.883,4541.795,16,240.208,7.21,2,NaN,0.7,75.27,0.94,0.53,NaN
HRV,4105268,19.81560787,92.7,33.55207459,6.03,11,58,27.9,37,80.5,0.02,3059,114.5,0.020935024,64.3,1.464,1652.122294,6.38828759,4.3,48,0.10511626,34.69689441,91.46716257,99.272591,2.178475169,9,32.2,6.95783489,1489.062,68424.035,73.726,44,19.724,13.053,22669.797,0.7,253.782,5.59,34.3,39.9,5.54,78.49,1.25,10.22,2.34
HTI,11402533,23.54804717,4.34,121.3638101,8.86,6.3,48,7.0999999,12.7,55.4,3.5,2091,44.32,19.23763674,51.1,2.973,130.8486433,1.55951642,NaN,20,-0.15751432,46.01675053,79.86723748,60.68935,0.590256953,0,40.9,6.540483644,22.1,1122.821,398.448,24.3,4.8,2.954,1653.173,23.5,430.548,6.65,2.9,23.1,0.7,64,0.92,NaN,NaN
HUN,9660350,24.57068163,100,39.20837155,6.37,11,59,26.6,30.6,81.4,0.05,3037,153.51,0.14145149,65.4,1.361,1826.675065,4.88308191,3.8,46,0.53216553,46.69851879,89.36062063,99.380882,1.089712178,10,30.9,7.226473871,2287.495,71606.412,108.043,43.4,18.577,11.976,26777.561,0.5,278.296,7.55,26.8,34.8,7.02,76.88,0.84,26.26,10.41
IDN,273523621,16.74598218,58.37,66.18593255,7.53,13,45,30.200001,39.4,8.1,3.01,2777,55.34,14.4436634,28.3,2.389,299.4051392,1.0755363,4.7,38,0.26359722,72.54421597,83.2150104,95.437683,-0.433937111,9,39.5,7.142168145,153.468,5639.425,145.725,29.3,5.319,3.053,11188.744,5.7,342.864,6.32,2.8,76.1,1.04,71.72,0.99,3.3,1.62
IMN,85032,NaN,NaN,NaN,NaN,NaN,NaN,NaN,NaN,NaN,NaN,NaN,NaN,NaN,NaN,NaN,NaN,NaN,NaN,NaN,NaN,NaN,NaN,NaN,NaN,NaN,NaN,NaN,NaN,NaN,147.872,NaN,NaN,NaN,NaN,NaN,NaN,NaN,NaN,NaN,NaN,81.4,NaN,47.85,18.05
IND,1380004385,75.80079116,41.04,131.9940186,12.52,67,60,12.6,11.5,15.1,5.75,2459,56.84,38.56375064,19.3,2.352,267.408625,1.40723762,4.2,41,-0.20398138,77.15111196,92.4980721,72.225304,-1.394107965,9,35.2,6.627177736,120.418,9276.626,450.419,28.2,5.989,3.414,6426.674,21.2,282.28,10.39,1.9,20.6,0.53,69.66,1.42,5.5,0.81
IRL,4937796,9.168633218,100,14.66747096,3.61,6.1,43,24.299999,24.3,80.9,0,3600,141.38,0.022161353,63.6,1.989,3801.06423,5.14148408,NaN,73,NaN,67.14663918,93.31656514,99,2.718400896,10,31.9,8.067158288,957.31,48383.327,69.874,38.7,13.928,8.678,67335.293,0.2,126.459,3.28,23,25.7,2.96,82.3,0.88,13.38,5.5
IRN,83992953,48.95476643,98.49,46.15391907,7.66,34,62,12.1,11,4.2,0.12,3094,77.69,0.207872994,60.9,1.686,1081.671505,2.84080215,NaN,28,0.30046999,66.51466643,86.72864331,87.172531,-1.377935842,-7,38.8,6.020622191,756.087,23375.699,49.831,32.4,5.44,3.182,19082.62,0.2,270.308,9.59,0.8,21.1,1.5,76.68,1.3,0.15,NaN
IRQ,40222503,73.25872705,97.63,42.67741934,6.2,29,69,16.5,NaN,5.4,0.28,2545,69.39,0.438167487,59.8,4.427,667.0073529,3.33814899,4.1,18,0.28961954,29.39124246,63.50024342,79.721764,-2.388372091,6,29.5,5.407654263,361.365,22059.567,88.125,20,3.186,1.957,15663.986,2.5,218.612,8.83,NaN,NaN,1.4,70.6,1.09,0.26,NaN
ISL,341250,7.29839004,100,9.946781471,2.67,4.2,50,14.4,14.7,67.9,0.01,3380,166.84,0.014827603,61.5,1.946,3881.703732,7.17970594,NaN,76,NaN,58.42020747,96.5535127,99,4.937323598,10,25.6,7.212059862,84.982,18288.645,3.404,37.3,14.431,9.207,46482.958,0.2,117.992,5.31,14.3,15.2,2.91,82.99,0.96,14.73,7.13
ISR,8655541,18.6846113,100,21.25797356,5.68,13,66,19.4,25.2,51.9,0.02,3610,155.75,0.081048221,65.3,2.999,2599.132254,4.75169581,4.3,61,-0.053660519,60.63011702,88.43351042,97.099998,-1.064022925,6,41.4,7.469375569,722.89,96460.753,402.606,30.6,11.733,7.359,33132.32,0.5,93.32,6.74,15.4,35.4,2.99,82.97,0.52,61.03,56.28
ITA,60461828,15.48360452,100,16.75889408,4.72,8.6,60,22.299999,23.7,67.6,0.01,3579,151.5,0.015273132,64.1,1.457,3238.889001,6.99265103,4.4,52,-0.074733861,33.775582,90.44952484,99.015793,1.368498227,10,34.7,7.272612388,1848.224,60975.778,205.859,47.9,23.021,16.24,35220.084,2,113.151,4.78,19.8,27.8,3.18,83.51,0.9,13.16,5.88
JAM,2961161,15.07163593,90.5,41.89005713,6.08,8.7,49,14.7,16.8,45.8,0.12,2746,78.66,0.513283623,55,2.026,476.179109,2.80857803,4.4,44,NaN,NaN,NaN,88.499901,-0.026261613,9,45.5,7.198321709,210.053,13956.688,266.879,31.4,9.684,6.39,8193.571,NaN,206.537,11.28,5.3,28.6,1.7,74.47,0.86,1.42,NaN
JEY,101073,NaN,NaN,NaN,NaN,NaN,NaN,NaN,NaN,NaN,NaN,NaN,NaN,NaN,NaN,NaN,NaN,NaN,NaN,NaN,NaN,NaN,NaN,NaN,NaN,NaN,NaN,NaN,NaN,NaN,NaN,NaN,NaN,NaN,NaN,NaN,NaN,NaN,NaN,NaN,NaN,NaN,NaN,44.05,17.41
JOR,10203140,37.21426017,99.06,39.44835404,7.08,NaN,NaN,25.799999,NaN,4.7,0.09,3100,90.93,0.093623639,66.5,3.445,797.5933329,5.19310195,3.7,49,0.38980365,58.89529884,81.9377625,98.014351,0.145846286,-3,33.7,7.469710428,723.601,63259.84,109.285,23.2,3.81,2.361,8337.49,0.1,208.257,11.75,NaN,NaN,1.4,74.53,0.87,2.99,1.02
JPN,126476458,13.15839601,100,11.38609245,3.61,10,67,21.299999,22.1,68.9,0.03,2726,87.7,0.023589296,29.4,1.444,3726.676374,8.55008168,4.2,73,-0.51872993,50.94904625,93.01156508,99,2.370679835,10,32.1,7.470801386,73.144,3869.55,347.778,48.2,27.049,18.493,39002.223,NaN,79.37,5.72,11.2,33.7,13.05,84.63,1.28,0.79,0.23
KAZ,18776707,19.65590442,95.34,52.1217876,5.94,NaN,NaN,24.4,24,39.4,0.03,3264,128.69,0.229380963,53.9,2.658,1068.062124,2.36790309,3.9,31,0.15293807,71.38929898,79.80607136,99.787849,-0.158347042,-6,26.5,7.118116418,173.034,16496.822,6.681,30.6,6.991,4.625,24055.588,0.1,466.792,7.11,7,43.1,6.7,73.6,1.22,0.48,0.1
KEN,53771300,16.29493079,13.42,90.34581977,6.54,26,41,9.5,10.7,22.7,5.89,2206,45.09,47.55794956,22.6,3.917,168.9817873,3.50386606,4.3,27,-0.42230323,64.53676556,78.37997338,78.023399,-1.201222357,9,48.5,7.214441717,41.993,2600.681,87.324,20,2.686,1.528,2993.028,36.8,218.637,2.92,1.2,20.4,1.4,66.7,1.04,0.37,NaN
KGZ,6524191,17.91030372,81.25,70.16414517,8.3,NaN,NaN,18.1,26.5,38.2,0.22,2817,67.02,1.199785774,45.8,3.051,215.0576281,3.63943755,4.6,29,NaN,63.34180174,83.42420932,99.50132,-0.403234839,7,29,6.928605538,231.293,13683.995,32.333,26.3,4.489,2.882,3393.474,1.4,436.362,7.11,3.6,50.5,4.5,71.45,1.35,NaN,NaN
KHM,16718971,26.14133409,17.69,107.9794976,10.55,NaN,NaN,19.5,17.2,38.4,1.22,2477,32.81,8.994171447,20.3,2.594,183.2312281,1.25104201,3.8,20,-0.079135038,NaN,82.48974655,78.34594,0.025049962,2,NaN,7.187433978,1.316,174.353,90.672,25.6,4.412,2.385,3645.07,NaN,270.892,4,2,33.7,0.8,69.82,1.22,2.5,0.4
KNA,53192,NaN,100,NaN,NaN,NaN,NaN,NaN,NaN,42.5,NaN,2492,97.33,NaN,52.7,NaN,1151.668769,2.14460502,NaN,NaN,NaN,NaN,NaN,97.800003,3.05041938,NaN,NaN,NaN,NaN,827.192,212.865,NaN,NaN,NaN,24654.385,NaN,NaN,12.84,NaN,NaN,2.3,76.23,NaN,16.12,NaN
KOR,51269183,28.68182353,96.68,21.69790199,5.79,19,63,24,23.3,44.8,0.04,3334,107.59,0.037923192,32.1,1.276,2530.571641,3.98524804,3.6,57,-0.099214643,62.70989972,86.97409807,97.965942,1.228568362,8,31.6,7.501501501,34.251,2085.034,527.967,43.4,13.914,8.622,35938.374,0.2,85.998,6.8,6.2,40.9,12.27,83.03,1.1,2.03,0.07
KWT,4270563,110.9572166,100,34.7858006,10.75,39,69,24.4,22.5,9.7,0.04,3501,105.84,0.018879723,72.1,1.986,2319.60465,2.61442253,NaN,41,NaN,NaN,74.08466941,96.117706,0.694287592,-7,NaN,6.762842638,321.503,56187.439,232.128,33.7,2.345,1.114,65530.537,NaN,132.235,15.84,2.7,37,2,75.49,1.02,11.71,0.89
LAO,7275556,27.67258925,5.62,119.6857083,11,NaN,NaN,27.299999,28.9,47.9,2.75,2451,51.28,18.10372979,22.6,2.758,98.46778237,0.94273375,NaN,29,NaN,NaN,81.4186853,79.867462,0.91023329,-7,36.4,6.897792969,NaN,6.735,29.715,24.4,4.029,2.322,6397.36,22.7,368.111,4,7.3,51.2,1.5,67.92,NaN,0.56,NaN
LBN,6825442,32.5648296,NaN,49.84311848,8.23,21,65,27,33.8,10.1,0.16,3066,89.66,0.061014376,66.9,1.72,987.3853296,3.0439246,4.6,28,NaN,30.62251417,82.8682476,94.051102,-0.23126407,6,31.8,7.0162559,949.243,70735.053,594.561,31.1,8.514,5.43,13367.565,NaN,266.591,12.71,26.9,40.7,2.9,78.93,0.94,2.21,1.38
LBR,5057677,17.33233534,0.71,113.1579596,7.47,NaN,NaN,6.3000002,9.8,30,6.83,2204,55.37,52.58065594,27.8,4.65,98.28589164,3.15924304,4.8,32,NaN,68.71309598,80.78118978,47.60014,0.978316668,6,33.2,6.558400412,16.806,403.743,49.127,19.2,3.057,1.756,752.788,38.6,272.509,2.42,1.5,18.1,0.8,64.1,0.1,NaN,NaN
LBY,6871287,63.71676049,NaN,72.78869192,8.88,16,60,15.4,NaN,2.4,0.11,NaN,NaN,0.324448835,65.7,2.312,806.2257448,3.65407916,3.5,17,NaN,37.76555148,77.0304847,91.38887,-1.975751432,0,NaN,4.773094763,402.399,23913.715,3.623,29,4.424,2.816,17881.509,NaN,341.862,10.43,NaN,NaN,3.7,72.91,1.06,NaN,NaN
LCA,183629,17.3478258,97.23,39.21108794,6.05,NaN,NaN,10.3,NaN,52.2,0.21,2595,82.87,0.611719464,48.3,1.471,698.2956305,3.59929525,NaN,55,NaN,NaN,NaN,90.099998,1.224225148,NaN,42.6,NaN,343.083,23400.443,293.187,34.9,9.721,6.405,12951.839,NaN,204.62,11.62,NaN,NaN,1.3,76.2,0.71,11.03,NaN
LIE,38137,NaN,NaN,NaN,NaN,NaN,NaN,NaN,NaN,NaN,NaN,NaN,NaN,NaN,NaN,NaN,NaN,NaN,NaN,NaN,NaN,NaN,NaN,100,4.369621513,NaN,NaN,NaN,1468.39,70718.725,237.012,NaN,NaN,NaN,NaN,NaN,NaN,7.77,NaN,NaN,2.397,82.49,1.31,NaN,NaN
LKA,21413250,25.63520757,26.33,38.46263658,6.67,2.4,36,12,13,18.3,0.4,2539,50.07,1.444005778,24.2,2.063,369.1741565,1.96395333,3.7,38,-0.27219585,60.8498355,92.52108552,92.614166,-0.526460575,6,39.2,6.489522916,27.366,4375.328,341.955,34.1,10.069,5.331,11669.077,0.7,197.093,10.68,0.3,27,3.6,76.98,0.79,4.32,NaN
LSO,2142252,26.91822469,35.61,151.9508533,6.83,NaN,NaN,16.700001,26.7,30,4.06,2529,43.47,57.37981373,33.2,3.143,276.0419317,8.0821676,NaN,41,NaN,NaN,NaN,79.360931,0.2225541,8,54.2,6.381731401,147.042,4998.011,73.562,22.2,4.506,2.647,2851.153,59.6,405.126,3.94,0.4,53.9,NaN,54.33,0.34,NaN,NaN
LTU,2722291,16.71785779,100,33.1730466,5.02,8.6,48,25.799999,28.8,65.3,0.01,3417,106.63,0.057136684,62.9,1.637,1718.02329,4.44688961,4.5,59,-0.17750166,40.29961181,83.14638155,99.82328,2.225502696,10,37.7,7.849591595,1330.864,81144.889,45.135,43.5,19.002,13.778,29524.265,0.7,342.989,3.67,21.3,38,6.56,75.93,1.19,14.86,6.59
LUX,625976,16.09727607,100,15.97749926,3.79,7.7,55,25.299999,23.5,93.9,0.01,3539,136.69,0.021957025,61.7,1.562,6812.080348,5.82283606,3.2,81,NaN,80.01320748,93.82644078,100,5.129846482,10,31.2,7.586641726,1215.702,100043.772,231.447,39.7,14.312,9.842,94277.965,0.2,128.275,4.42,20.9,26,4.51,82.25,0.62,13.36,4.04
LVA,1886202,14.58800713,95.28,34.25710938,5.2,7.8,45,29.1,37,67.7,0.01,3174,124.72,0.036281541,61.7,1.531,940.3024392,3.71523198,4.2,58,NaN,29.5952816,83.11969232,99.892693,2.059508776,8,35.1,7.642272018,1026.931,55419.833,31.212,43.9,19.754,14.136,25063.846,0.7,350.06,4.91,25.6,51,5.57,75.29,0.91,6.85,1.33
MAC,649342,NaN,NaN,NaN,NaN,NaN,NaN,NaN,NaN,NaN,NaN,NaN,131.93,NaN,NaN,1.28,NaN,NaN,NaN,NaN,NaN,NaN,NaN,96.2276,NaN,NaN,NaN,NaN,NaN,NaN,20546.766,39.2,9.798,4.991,104861.851,NaN,NaN,NaN,NaN,NaN,NaN,84.24,NaN,8.82,NaN
MAR,36910558,25.41198462,96.75,67.26864668,8.92,17,56,13.5,23.4,5.4,0.32,3403,67.71,0.795923661,59.5,2.526,446.6397424,2.00132628,4.6,43,-0.090314753,35.86514548,67.4051339,71.710548,0.335490756,-4,40.7,6.339798901,240.175,13519.844,80.08,29.6,6.769,4.209,7485.013,1,419.146,7.14,0.8,47.1,1.1,76.68,1.11,11.87,10.82
MCO,39244,NaN,100,NaN,NaN,NaN,NaN,NaN,NaN,NaN,NaN,NaN,NaN,NaN,NaN,NaN,7301.914346,3.84109846,NaN,NaN,NaN,NaN,NaN,99,4.289002957,NaN,NaN,NaN,764.448,59754.357,19347.5,NaN,NaN,NaN,NaN,NaN,NaN,5.46,NaN,NaN,13.8,86.75,0.94,29.85,22.41
MDA,4033963,19.94321337,92.19,49.86823622,6.67,NaN,NaN,20.9,24.2,66.3,0.01,2714,68.63,0.204725728,54.1,1.248,514.2101995,5.30398831,4.6,33,0.001175667,26.46578073,73.61599912,99.244392,0.484552357,9,27,6.629613844,1295.004,58642.828,123.655,37.6,10.864,6.955,5189.972,0.2,408.502,5.72,5.9,44.6,5.8,71.9,0.89,1.28,NaN
MDG,27691019,21.47496474,0.91,155.0695076,10.13,NaN,NaN,13.6,NaN,14.1,10.57,2052,23.49,76.92589896,21.1,4.241,43.70476778,1.47341461,4.2,25,NaN,33.57194173,65.8971383,64.656303,-0.23040146,6,42.7,6.174695918,16.684,934.382,43.951,19.6,2.929,1.686,1416.44,77.6,405.994,3.94,NaN,NaN,0.2,67.04,0.99,NaN,NaN
MDV,540542,26.86188561,93.83,21.43409424,4.83,NaN,NaN,20.200001,28.3,9,0.24,2732,48.24,0.321759545,28.5,2.132,1995.842255,10.75705209,4.3,31,NaN,NaN,NaN,99.321022,0.555945257,NaN,38.4,NaN,123.95,46347.925,1454.433,30.6,4.12,2.875,15183.616,NaN,164.905,9.19,2.1,55,NaN,78.92,1.06,47.34,1.47
MEX,128932753,18.82910389,85.35,44.40708422,6.76,14,62,9.8999996,14,56.9,0.24,3072,100.84,0.900685578,64.1,2.215,1121.988778,3.25955157,4.7,28,-0.35707209,37.08061673,83.2666984,94.545593,-1.423018386,8,48.2,6.895887517,1589.86,17501.441,66.444,29.3,6.857,4.321,17336.469,2.5,152.783,13.06,6.9,21.4,1.38,75.05,0.85,6.49,1.01
MHL,59194,11.08607034,65.35,93.04476503,6.78,NaN,NaN,17.700001,NaN,NaN,0.28,NaN,NaN,2.799176399,82.7,NaN,679.5675865,14.44916839,NaN,NaN,NaN,NaN,NaN,98.265083,2.064719691,NaN,NaN,NaN,NaN,67.574,295.15,NaN,NaN,NaN,3819.202,NaN,557.793,30.53,NaN,NaN,2.7,73.7,NaN,NaN,NaN
MKD,2083380,31.92141254,65.63,49.98650948,8.7,NaN,NaN,36.900002,NaN,57.1,0.01,2949,103.36,0.053927272,60.9,1.524,851.1526567,4.10142063,4.1,37,NaN,39.31121464,72.77724361,97.843758,0.848406672,9,35.6,7.122560119,1930.517,65483.013,82.6,39.1,13.26,8.16,13111.214,5,322.688,10.08,NaN,NaN,4.28,75.8,1.09,0.58,NaN
MLI,20250834,92.21011675,0.96,107.0754058,6.19,NaN,NaN,10.3,12.3,3.8,6.94,2890,60.28,70.83597871,24.4,6.145,108.0998983,1.95543294,NaN,32,NaN,48.78180181,75.39862609,33.068871,-1.197660938,5,33,5.794917503,19.555,531.237,15.196,16.4,2.519,1.486,2014.306,NaN,268.024,2.42,1.6,23,0.1,59.31,1.33,0,NaN
MLT,441539,12.14084395,100,23.62493339,5.45,NaN,NaN,22.1,25.5,60.6,0,3378,118.17,0.010612884,70,1.443,3071.627651,6.74343039,NaN,54,NaN,71.51763465,95.90672851,94.066612,2.803173634,NaN,NaN,7.740315514,903.657,66456.191,1454.037,42.4,19.426,11.324,36513.323,0.2,168.711,8.83,20.9,30.2,4.485,82.53,0.53,36.03,13.61
MMR,54409794,48.81135881,18.4,118.1052463,11.07,NaN,NaN,17.5,20.3,7.9,1.6,2571,79.99,11.17691218,24.6,2.23,103.4661342,1.0448998,NaN,29,NaN,88.30477116,91.52062327,93.09005,-2.467334008,-3,38.1,5.41638899,58.923,2619.565,81.721,29.1,5.732,3.12,5591.597,6.4,202.104,4.61,6.3,35.2,0.9,67.13,0.99,0.7,NaN
MNE,628062,20.35568996,69.35,47.54888834,7.22,NaN,NaN,26.5,45.9,65.2,0.01,3491,139.63,0.007472934,62.3,1.677,888.1673619,3.66738093,NaN,45,NaN,43.14891107,68.61190032,98.719948,1.557095013,9,31.9,7.050268253,2111.257,148122.319,46.28,39.1,14.762,9.395,16409.288,1,387.305,10.08,44,47.9,3.861,76.88,0.81,4.71,0.75
MNG,3278292,29.68500129,42.8,81.61391845,7.84,NaN,NaN,25.4,25.6,45.7,0.1,2510,95.28,0.535620486,53.9,2.793,565.0702475,2.62057288,4.8,37,NaN,48.7756212,80.96656999,98.367638,0.4774756,10,32,7.395856246,3.965,3553.985,1.98,28.6,4.031,2.421,11840.846,0.5,460.043,4.82,5.5,46.5,7,69.87,1.65,NaN,NaN
MOZ,31255435,20.98722687,3.69,125.8563334,5.64,9.5,46,11,16.6,17.9,3.5,2283,40.64,44.38947401,23.1,5.305,79.32069416,3.93673477,4,23,NaN,72.45270828,73.98393328,58.836552,-0.087209576,5,45.6,5.479430172,25.116,2184.964,37.728,17.7,3.158,1.87,1136.103,62.9,329.942,3.3,5.1,29.1,0.7,60.85,0.79,0.18,NaN
MRT,4649660,123.6345844,46.56,83.84267118,8.27,NaN,NaN,13,NaN,2.3,6.08,2876,72.64,34.85770203,31.5,4.736,148.1075193,1.87101626,NaN,27,NaN,30.7528839,53.82855873,52.123562,-0.06432388,-2,32.4,5.962612389,96.781,3861.573,4.289,20.3,3.138,1.792,3597.633,6,232.347,2.42,NaN,NaN,NaN,64.92,0.9,0.03,NaN
MSR,4999,NaN,NaN,NaN,NaN,NaN,NaN,NaN,NaN,NaN,NaN,NaN,NaN,NaN,NaN,NaN,NaN,NaN,NaN,NaN,NaN,NaN,NaN,97,NaN,NaN,NaN,NaN,NaN,NaN,NaN,NaN,NaN,NaN,NaN,NaN,NaN,NaN,NaN,NaN,NaN,74.16,NaN,22.24,3.88
MUS,1271767,14.46305346,93.34,48.68229857,7.31,NaN,NaN,18.299999,21.6,32,0.05,3065,99.94,0.210317041,33.8,1.443,896.1581696,2.36468574,NaN,51,NaN,51.61487569,64.50598784,90.616043,0.958180399,10,35.8,7.995281457,9.436,888.528,622.962,37.4,10.945,5.884,20292.745,0.5,224.644,22.02,3.2,40.7,3.4,74.99,1.26,0.3,NaN
MWI,19129955,28.25982321,2.5,104.9350842,6.78,NaN,NaN,9.6999998,14.5,19.4,4.55,2367,47.21,45.04187617,20.1,4.646,93.48208694,5.99862084,4.5,32,-0.47343591,58.1345415,76.68570595,65.963829,0.435626128,6,46.1,5.86902225,58.756,1760.851,197.519,18.1,2.979,1.783,1095.042,71.4,227.349,3.94,4.4,24.7,1.3,64.26,0.67,0.86,NaN
MYS,32365998,17.60771452,96.3,50.44055047,6.87,6.7,45,19.1,21.5,12.7,0.2,2916,91.14,0.19914137,41.7,2.056,1040.232793,2.30029002,3.8,47,NaN,75.1715793,94.66840442,94.636993,-0.212651876,5,46.3,6.913130396,40.166,10916.672,96.254,29.9,6.293,3.407,26808.164,0.1,260.942,16.74,1,42.4,1.9,76.16,0.98,1.62,0.95
NAM,2540916,25.89244374,42.2,75.60720741,6.06,NaN,NaN,14.6,21.4,39,3.69,2171,62.56,24.50391487,36.6,3.473,869.2953558,5.3571377,NaN,53,NaN,58.01564363,73.43423741,90.820503,1.54286351,6,61,6.413544685,213.309,17713.297,3.078,22,3.552,2.085,9541.808,13.4,243.811,3.94,9.7,34.2,NaN,63.71,0.85,0.08,NaN
NER,24206636,203.7438917,1.91,138.467763,8.93,NaN,NaN,5,7.7,5.3,10.73,2547,51.75,73.7557831,19.7,7.29,53.53040204,2.38630659,NaN,34,NaN,67.54100784,75.79805787,19.1026,-0.467373905,6,34,5.965836428,7.766,208.538,16.955,15.1,2.553,1.378,926,44.5,238.339,2.42,0.1,15.4,0.3,62.42,0.95,NaN,NaN
NGA,206139587,122.478442,4.91,81.22147298,7.21,19,53,4,5.8,43.6,7.34,2700,49.52,38.67477173,26,5.591,216.8711705,0.92253513,4.7,27,-0.057804402,45.24078251,82.00328088,59.568081,-2.058687075,7,43,6.36072046,9.984,792.609,209.588,18.1,2.751,1.447,5338.454,NaN,181.013,2.42,0.6,10.8,NaN,54.69,0.77,0.47,NaN
NIC,6624554,22.70884868,52.3,33.43893638,6.51,8.4,41,10.9,NaN,49.3,0.55,2638,63.51,1.617694854,54.8,2.231,444.6184622,5.09579767,NaN,25,0.022988806,39.03023926,69.81148561,82.471848,0.113044035,9,46.6,7.277070764,27.021,1015.465,51.667,27.3,5.445,3.519,5321.444,3.2,137.016,11.47,NaN,NaN,0.9,74.48,0.08,NaN,NaN
NLD,17134873,15.23005009,100,18.61250428,4.42,9.6,49,20.799999,25.8,88.2,0.01,3228,129.51,0.014603309,62.6,1.739,5201.696377,9.48113273,NaN,82,0.29805693,57.11289268,91.88775391,99,3.410230213,10,28.6,7.697608946,981.974,77929.495,508.544,43.2,18.779,11.881,48472.545,NaN,109.361,5.29,24.4,27.3,3.32,82.28,0.98,9.85,4.03
NOR,5421242,7.874067599,100,10.88894104,2.79,6,46,16.9,20.2,85.9,0.02,3485,147.96,0.041027543,61.7,1.816,6346.615463,8.3096182,3.1,84,NaN,89.08573629,98.19908716,100,4.003323819,10,26.8,7.57088482,124.879,18473.442,14.462,39.7,16.821,10.813,64800.057,0.2,114.316,5.31,19.6,20.7,3.6,82.4,0.9,13.02,5.25
NPL,29136808,78.49713349,27.62,133.2611111,14.06,NaN,NaN,23.799999,22.8,7.6,4.89,2673,60.77,31.68495862,19.6,2.162,137.3973226,2.33781912,4.5,31,NaN,71.98113305,89.59331565,64.663643,0.261589965,6,32.8,6.527727586,104.198,9557.327,204.43,25,5.809,3.212,2442.804,15,260.797,7.26,9.5,37.8,0.3,70.78,1.33,NaN,NaN
NZL,4822233,5.525446595,100,8.59875688,2.13,3.9,34,16.799999,16,79.5,0.03,3137,116.41,0.032331096,68,2.002,4018.307819,9.08265634,3.3,87,NaN,75.06291233,95.2239499,99,3.445404703,10,NaN,8.490329773,5.392,524.861,18.206,37.9,15.322,9.72,36085.843,NaN,128.797,8.08,14.8,17.2,2.61,82.29,0.81,1.47,0.4
OMN,5106622,77.9621781,95.22,53.69908926,8.07,NaN,NaN,9.1000004,11.1,5.9,0.1,3143,76.96,0.059782706,56,2.737,1441.967693,3.19022858,NaN,52,NaN,NaN,NaN,93.971649,0.806570325,-8,NaN,6.749671402,338.384,32404.983,14.98,30.7,2.355,1.53,37960.709,NaN,266.342,12.61,0.5,15.6,1.6,77.86,1.41,2.98,0.37
PAK,220892331,75.75074243,43.32,123.2154801,9.04,31,63,15.4,20.1,4,3.52,2440,73.36,20.31549995,26.2,3.55,128.9887247,0.91881147,4.6,33,-0.10337088,57.68036352,85.3721404,56.440311,-1.581048329,7,30.7,5.993016925,68.024,3169.816,255.573,23.5,4.495,2.78,5034.708,4,423.031,8.35,2.8,36.7,0.6,67.27,1.23,0.03,NaN
PAN,4314768,14.12599776,89.01,21.31222937,4.5,6.2,39,8.3999996,6.1,59.8,0.52,2733,79.5,1.509974014,58.5,2.541,1676.952285,5.87836609,NaN,37,NaN,30.22555119,73.17278457,95.038231,2.205342238,9,51,7.566113507,1424.41,82718.932,55.133,29.7,7.918,5.03,22267.037,2.2,128.346,8.33,2.4,9.9,2.3,78.51,0.87,6.18,2.8
PER,32971846,26.0545956,75.06,30.14589917,6.75,8.9,41,11,4.8,55.4,0.51,2700,49.75,1.529839452,56.3,2.429,656.1800838,3.31875118,4.5,35,-0.096918501,33.74644658,69.05376139,94.374352,0.740837126,9,44.3,7.439497099,1611.617,48229.298,25.129,29.1,7.151,4.455,12236.706,3.5,85.755,5.95,4.8,NaN,1.6,76.74,1.1,1.77,0.98
PHL,109581085,23.2134941,43.22,106.8724834,9.66,7.8,39,22.9,24.3,44.3,0.83,2570,54.53,1.737738095,26.1,2.958,328.8721384,1.61468522,4.4,36,0.35706308,72.54271245,86.83632338,96.618027,-2.131015039,8,40.1,7.347101298,126.089,7416.973,351.873,25.2,4.803,2.661,7599.188,NaN,370.437,7.07,7.8,40.8,1,71.23,1.17,0.75,0.03
PNG,8947027,13.67788256,13.43,245.296404,11.98,NaN,NaN,37.900002,36.3,34.6,3.14,NaN,NaN,47.36090043,49.3,3.707,109.4883212,3.46554272,4.6,28,NaN,NaN,NaN,63.433491,0.31711269,5,41.8,6.268588715,7.489,827.761,18.22,22.6,3.808,2.142,3823.194,NaN,561.494,17.65,23.5,48.8,NaN,64.5,1.43,0,NaN
POL,37846605,25.59991261,100,34.26669114,6.25,11,55,27.200001,28,51.7,0.02,3451,128.84,0.018686377,62.4,1.308,1570.446469,4.5076396,NaN,60,-0.14705054,55.94255452,88.54560585,99.787422,1.815505193,10,32.1,7.26956524,1454.952,64912.269,124.027,41.8,16.763,10.202,27216.445,NaN,227.331,5.91,23.3,33.1,6.62,78.73,0.99,12.13,5.48
PRT,10196707,9.491198111,100,15.49125211,3.8,4.9,54,21.6,22.7,57,0.01,3477,145.12,0.069761836,62.3,1.254,2689.942336,6.15818911,4.6,64,0.082586966,48.70432302,88.59748158,95.428108,1.939209809,10,35.6,7.496775811,1656.123,80846.493,112.371,46.2,21.502,14.924,27936.896,0.5,127.842,9.85,16.3,30,3.39,82.05,0.8,13.31,5.71
PRY,7132530,23.69305414,66.22,41.98531211,6.46,5.6,44,11.7,13.4,61.9,0.31,2589,91.85,0.835868823,50.9,2.509,872.9283649,4.50224038,4.7,29,NaN,49.85533886,74.58323534,95.53611,0.696920668,9,48,6.93248077,633.997,31508.595,17.144,26.5,6.378,3.833,8827.01,1.7,199.128,8.27,5,21.6,1.3,74.25,0.96,0.61,0.03
PSE,5101416,18.901415,NaN,52.55643163,7.78,NaN,NaN,20.799999,NaN,NaN,0.18,NaN,NaN,0.172013342,NaN,4.075,NaN,NaN,3.9,NaN,NaN,50.57273003,74.57781228,96.668037,NaN,NaN,34.4,NaN,536.126,50272.513,778.202,20.4,3.043,1.726,4449.898,1,265.91,10.59,NaN,NaN,NaN,74.05,1.2,1.8,0.22
QAT,2881060,148.2413983,98.49,61.79388295,9.2,55,65,18.1,20.6,6.7,0.04,NaN,NaN,0.02895057,70.3,1.929,3071.187757,1.87539141,NaN,62,NaN,NaN,NaN,97.757088,1.671422665,-10,NaN,7.467956558,108.293,64303.069,227.322,31.9,1.307,0.617,116935.6,NaN,176.69,16.52,0.8,26.9,1.2,80.23,1.26,3.47,NaN
ROU,19237682,19.06441498,85.88,40.41600613,5.79,9.1,50,26.4,29.7,67.6,0.02,3358,122.84,0.150269236,61.4,1.512,1079.258332,4.47447755,4.5,47,-0.21704744,22.58985207,71.46128208,98.757027,0.936675539,9,27.5,7.698155057,1267.616,51108.912,85.129,43,17.85,11.69,23313.199,5.7,370.946,9.74,22.9,37.1,6.892,76.05,1.02,11.08,6.38
RUS,145934460,15.5005356,98.25,42.73102728,5.42,13,50,31.9,39.3,67.8,0.01,3361,109.93,0.085110559,61.1,1.741,1835.713278,3.69092281,4.7,28,-0.15077487,53.1311915,71.9198474,99.719566,-1.232211867,4,37.7,6.823958472,681.34,31153.074,8.823,39.6,14.178,9.393,24765.954,0.1,431.297,6.18,23.4,58.3,8.05,72.58,0.97,5.31,3.24
RWA,12952209,52.79013012,0.57,97.08200324,8.1,NaN,NaN,7.5999999,12.3,44.7,4.63,2228,27.49,31.47616321,22,3.967,125.0654332,2.86940115,2,56,-0.12548469,95.89997462,93.94594085,71.2435,-0.670644255,-3,50.4,7.483949815,24.243,1765.104,494.869,20.3,2.974,1.642,1854.211,56,191.375,4.28,4.7,21,NaN,69.02,1.45,2.69,NaN
SAU,34813867,187.8713608,95.96,64.07581883,9.23,30,62,15,15.6,5.8,0.1,3255,103.12,0.12807376,69,2.579,2465.976768,3.49078974,NaN,49,0.30015314,NaN,83.9904799,94.842369,-0.995758828,-10,NaN,6.516357351,192.768,11322.184,15.322,31.9,3.295,1.845,49045.411,NaN,259.538,17.72,1.8,25.4,2.7,75.13,1.25,NaN,NaN
SDN,43849269,77.72107205,41.29,95.70386242,8.65,15,51,5.5999999,NaN,11.1,3.18,2336,68.16,11.46229305,NaN,4.595,281.6404994,1.80236186,2.6,16,NaN,NaN,NaN,58.601318,-2.470596454,-2,35.4,5.36,47.048,725.964,23.258,19.7,3.548,2.034,4466.507,NaN,431.388,15.67,NaN,NaN,0.8,65.31,0.76,0.15,NaN
SEN,16743930,56.76633608,31.65,106.0552118,8.99,15,44,7,8.2,5.5,6.46,2456,73.65,41.9938134,24.9,4.84,106.9355043,2.41795607,4.5,45,NaN,54.95457211,81.37772396,55.624851,0.796011622,7,40.3,6.199727938,63.605,2336.787,82.328,18.7,3.008,1.796,2470.58,38,241.219,2.42,0.4,16.6,NaN,67.94,0.79,1.84,NaN
SGP,5850343,25.02850236,100,19.98012765,6.64,12,50,13.1,16.5,49.9,0.01,NaN,NaN,0.006999909,33.6,1.242,4046.975288,2.05468332,NaN,85,NaN,73.57871558,94.70833494,96.774628,1.700365887,-2,NaN,8.820735091,5.128,10344.522,7915.731,42.4,12.922,7.049,85535.383,NaN,92.243,10.99,5.2,28.3,2.4,83.62,1.11,17.95,8
SHN,6071,NaN,NaN,NaN,NaN,NaN,NaN,NaN,NaN,NaN,NaN,NaN,NaN,NaN,NaN,NaN,NaN,NaN,NaN,NaN,NaN,NaN,NaN,97,NaN,NaN,NaN,NaN,NaN,NaN,NaN,NaN,NaN,NaN,NaN,NaN,NaN,NaN,NaN,NaN,NaN,80.56,NaN,51.18,NaN
SLB,686878,8.515828391,8.45,187.2542829,13.48,NaN,NaN,26.799999,NaN,32.2,0.89,2391,50.96,9.565632589,51.3,3.907,107.6097732,4.64048232,4,44,NaN,NaN,NaN,84.099998,3.757369267,8,37,NaN,NaN,27.661,21.841,20.8,3.507,2.043,2205.923,25.1,459.78,18.68,NaN,NaN,1.4,73,NaN,0.29,NaN
SLE,7976985,42.13067105,0.99,149.5983372,8.57,9.2,45,17.6,24.8,44.7,5.67,2404,53.64,58.13810901,24.9,4.561,223.7444518,1.88380186,4.1,30,NaN,63.84384659,71.72315854,48.4319,0.540344793,7,34,5.744552987,9.903,500.189,104.7,19.1,2.538,1.285,1390.3,52.2,325.721,2.42,8.8,41.3,NaN,54.7,0.9,0.4,NaN
SLV,6486201,33.38600558,86,45.89819872,6.39,13,46,9.1999998,9.9,44,0.49,2577,64.24,2.463933328,56.8,2.101,564.885461,4.46950833,4.3,35,NaN,35.31609361,75.46951149,87.648216,0.246425049,8,40.8,7.133397009,312.972,10096.974,307.811,27.6,8.273,5.417,7292.458,2.2,167.295,8.87,2.5,18.8,1.3,73.32,1.09,2.06,NaN
SMR,33938,NaN,100,NaN,NaN,NaN,NaN,NaN,NaN,NaN,NaN,NaN,NaN,NaN,NaN,NaN,3390.14778,5.73605882,NaN,NaN,NaN,NaN,NaN,96,4.269659599,NaN,NaN,NaN,2504.567,143320.172,556.667,NaN,NaN,NaN,56861.47,NaN,NaN,5.64,NaN,NaN,3.8,84.97,0.89,26.02,13.69
SOM,15893219,23.88828751,2.34,165.8285822,8.48,NaN,NaN,9.6000004,NaN,5.4,6.06,NaN,NaN,57.61664096,24.7,6.365,NaN,NaN,NaN,10,NaN,NaN,NaN,37.799999,-1.739184553,5,NaN,NaN,36.242,753.655,23.5,16.8,2.731,1.496,NaN,NaN,365.769,6.05,NaN,NaN,0.9,57.4,1.04,NaN,NaN
SRB,6804596,18.84678891,76.41,62.57853348,8.01,NaN,NaN,26.5,38.9,66,0.02,2728,83.91,0.048162143,60.7,NaN,1312.223068,6.4165056,4.7,39,-0.16020425,51.43361989,80.90404643,98.002892,NaN,8,29.1,6.855902529,813.715,91963.285,80.291,41.2,17.366,NaN,14048.881,NaN,439.415,10.08,37.7,40.2,5.609,76,1.04,22.11,16.47
SSD,11193729,48.70312381,0.64,156.1654699,9.33,15,50,NaN,NaN,NaN,9.86,NaN,NaN,92.72071191,NaN,4.938,72.82214895,1.1369163,3,13,NaN,NaN,NaN,31.97625,-2.592480777,0,46.3,NaN,10.095,918.907,NaN,19.2,3.441,2.032,1569.888,NaN,280.775,10.43,NaN,NaN,NaN,57.85,0.75,NaN,NaN
STP,219161,15.42765659,16.81,110.0812449,10.01,NaN,NaN,3.3,NaN,38.1,1.24,2400,74.5,6.008316382,31.6,4.518,299.7295588,3.61225473,NaN,46,NaN,NaN,NaN,91.747108,3.331958707,NaN,30.8,NaN,159.7,10257.299,212.841,18.7,2.886,2.162,3052.714,32.3,270.113,2.42,NaN,NaN,2.9,70.39,0.68,4.44,NaN
SUR,586634,21.53247349,89.61,48.71442865,6.25,NaN,NaN,6.0999999,25,51.9,0.68,2753,77.08,2.025769844,59,2.396,978.6288807,2.94062408,NaN,43,0.11636458,NaN,NaN,95.538986,1.194181517,5,57.6,6.381872508,303.426,15655.417,3.612,29.6,6.933,4.229,13767.119,NaN,258.314,12.54,7.4,42.9,3.1,71.68,1.49,4.73,NaN
SVK,5459643,20.33090746,96.58,35.36190177,5.96,13,59,22.4,30.1,65.8,0.01,2944,158.73,0.013008356,59.7,1.427,2179.051004,5.8395992,4.2,50,NaN,48.96845244,86.78204062,99.599998,1.812497515,10,26.1,7.308716412,1848.839,66988.446,113.128,41.2,15.07,9.167,30155.152,0.7,287.959,7.29,23.1,37.7,5.82,77.54,0.81,13.9,4.83
SVN,2078932,17.82350883,96.17,19.72328919,4.6,11,60,22.200001,22.5,67.6,0.01,3168,120.49,0.007360072,60.7,1.614,2697.671071,6.62382179,4.2,60,NaN,30.35193868,92.20188573,99.71476,3.157118616,10,25.7,7.044029738,1966.875,106159.316,102.619,44.5,19.062,12.93,31400.84,NaN,153.493,7.25,20.1,25,4.5,81.32,1.12,13.81,5.73
SWE,10099270,5.195282483,100,9.39530308,2.45,4.3,47,13.6,18.8,68.8,0.02,3179,135,0.048541701,59.9,1.907,5218.860734,10.0246943,NaN,85,0.30693087,65.63389544,95.91901719,99,2.83679292,10,27.2,7.431505399,1339.998,82678.55,24.718,41,19.985,13.433,46949.283,0.5,133.982,4.79,18.8,18.9,2.22,82.8,1.12,12.59,5.35
SWZ,1160164,24.15181545,49.7,106.341769,5.6,NaN,NaN,7.3000002,9,43.9,4.34,2329,43.45,41.9603245,33,3.141,586.8228703,7.00490949,NaN,38,NaN,65.06173663,84.50210799,87.470192,0.559096043,-9,51.5,6.470780954,576.643,14961.678,79.492,21.5,3.163,1.845,7738.975,NaN,333.436,3.94,1.7,16.5,2.1,60.19,0.67,NaN,NaN
SYC,98340,14.8388501,90.36,42.32630252,5.43,NaN,NaN,15.7,21.5,44.2,0.21,NaN,NaN,0.531851006,38.1,2.333,844.3370884,3.10724273,NaN,66,NaN,NaN,NaN,95.321083,1.479227588,NaN,46.8,7.234818257,244.051,43929.225,208.354,36.2,8.606,5.586,26382.287,1.1,242.648,10.55,7.1,35.7,3.6,73.4,0.94,65.21,38.6
SYR,17500657,NaN,NaN,64.22641351,6.65,NaN,NaN,17.1,NaN,7.5,0.02,NaN,NaN,0.074886818,57.9,2.966,375.8753369,1.50716579,NaN,13,NaN,NaN,NaN,86.303932,-2.558582937,-9,35.8,5.034062658,76.111,1122.301,NaN,21.7,NaN,2.577,NaN,NaN,376.264,NaN,NaN,NaN,1.5,72.7,0.98,NaN,NaN
TCA,38718,NaN,NaN,NaN,NaN,NaN,NaN,NaN,NaN,NaN,NaN,NaN,NaN,NaN,NaN,NaN,NaN,NaN,NaN,NaN,NaN,NaN,NaN,98,NaN,NaN,NaN,NaN,NaN,NaN,37.312,NaN,NaN,NaN,NaN,NaN,NaN,NaN,NaN,NaN,NaN,80.22,NaN,33.41,NaN
TCD,16425859,95.6736091,3.13,159.147411,9.77,15,53,7,NaN,13.1,14.45,2110,57.1,101.5534839,19.5,6.05,79.01538673,1.97895016,NaN,19,NaN,45.42210117,51.87274218,40.018242,-0.515494095,-2,43.3,5.456090431,10.106,280.229,11.833,16.7,2.486,1.446,1768.153,38.4,280.995,6.1,NaN,NaN,NaN,54.24,0.86,NaN,NaN
TGO,8278737,84.14439034,6.71,115.2294338,7.53,NaN,NaN,6.1999998,7.4,62.8,5.35,2454,56.06,40.64353608,25,4.517,76.25300946,2.01732113,NaN,30,NaN,17.61994646,53.95673382,66.53759,0.409906965,-2,43,5.784202354,13.649,1366.15,143.366,19.4,2.839,1.525,1429.813,49.2,280.033,6.15,0.9,14.2,0.7,61.04,1.18,0.51,NaN
THA,69799978,23.1725896,74.43,32.81342263,6.55,14,40,19.700001,19.9,29.7,0.73,2784,64.22,0.229088476,34.7,1.498,599.8436663,3.20842519,4.1,36,0.34843981,81.60090625,96.85158348,93.983017,-1.209087232,-3,37.8,6.821824859,1.361,423.653,135.132,40.1,11.373,6.89,16277.671,0.1,109.861,7.04,1.9,38.8,2.1,77.15,1.09,0.39,0.07
TJK,9537642,61.35430442,80.41,94.29643743,11.08,NaN,NaN,15.7,NaN,9.3,2.37,2201,57.48,8.758490024,41.7,3.404,185.1475355,1.98376501,NaN,25,NaN,NaN,94.31650578,99.781052,-0.688976106,-3,34,6.716732564,9.436,1395.313,64.281,23.3,3.466,2.155,2896.913,4.8,427.698,7.11,NaN,NaN,4.8,71.1,0,NaN,NaN
TLS,1318442,17.0005339,6.92,97.66245516,10.44,NaN,NaN,30,42.6,7.1,1.88,2131,44.98,12.42662196,17.9,5.618,101.5353661,1.33363109,NaN,35,NaN,NaN,NaN,64.066139,1.086268597,8,30.3,6.561040228,0.758,590.849,87.176,18,3.556,1.897,6570.102,30.3,335.346,6.86,6.3,78.1,5.9,69.5,1.28,NaN,NaN
TTO,1399491,16.81227296,99.26,51.80870491,7.94,11,41,17.6,NaN,51.1,0.16,3052,88.93,0.432085606,48.1,1.766,1815.654905,3.17462752,NaN,41,NaN,NaN,NaN,98.969582,0.90690385,10,40.3,6.741669083,103.609,5869.277,266.886,36.2,10.014,5.819,28763.071,NaN,228.467,10.97,NaN,NaN,3,73.51,1.51,0.07,NaN
TUN,11818618,35.56567907,99.1,51.6134135,8.68,NaN,NaN,24.5,32.7,5.7,0.11,3349,98.33,0.277900053,62.2,2.223,785.3174908,3.96881649,4.4,43,NaN,42.41596867,82.73050317,81.054192,0.101200869,7,35.8,6.276433717,764.81,22256.663,74.228,32.7,8.001,5.075,10849.297,2,318.991,8.52,1.1,65.8,2.3,76.7,1.34,0.89,NaN
TUR,84339067,37.25391764,NaN,46.77557879,9.94,27,59,26.5,27.2,13.8,0.08,3706,126.04,0.11500886,66.9,2.072,1036.465294,4.19377897,4,41,0.12911025,56.5824679,84.57229963,95.688103,-1.62047259,3,41.2,6.821242893,387.329,42438.044,104.914,31.6,8.153,5.061,25129.341,0.2,171.285,12.13,14.1,41.1,2.81,77.69,1.33,11.96,8.63
TWN,23816775,NaN,NaN,32.74411356,7.08,15,67,17.4,NaN,NaN,0.02,2997,128.56,0.03387049,NaN,1.158,NaN,NaN,3.9,63,NaN,34.92992873,92.83618368,96.099998,2.702207569,10,NaN,7.883663307,0.42,44.087,NaN,42.2,NaN,8.353,NaN,NaN,103.957,NaN,NaN,NaN,NaN,80.46,1.13,0.08,NaN
TZA,59734213,22.34930727,2.16,96.53732288,7.9,NaN,NaN,9.3000002,14.8,41.9,3.61,2208,53.75,30.74987946,24.5,5.079,137.4930709,2.58995871,4.4,36,-0.14714427,87.61743955,88.91271245,80.359497,-0.255901211,3,37.8,6.930080248,0.352,8.521,64.699,17.7,3.108,1.874,2683.304,49.1,217.288,5.75,3.3,26.7,0.7,65.46,0,NaN,NaN
UGA,45741000,73.51172275,0.77,93.71754319,5.85,21,48,7.8000002,10,41.3,4.15,2130,44.67,36.96601326,19,5.682,132.5879879,1.80125132,4.5,26,-0.70643896,55.48746856,79.61740512,73.809837,-0.351118825,-1,41,7.43850886,7.324,896.854,213.759,16.4,2.168,1.308,1697.707,41.6,213.333,2.5,3.4,16.7,0.5,63.37,1.29,0.28,NaN
UKR,43733759,19.20606229,95.73,63.88562435,7.27,9.2,53,26.5,28.9,68.3,0.01,3138,79.45,0.079605809,61.9,1.528,584.2359973,3.60452112,4.6,32,-0.092386983,10.94897182,69.82589055,99.764107,-1.219281904,4,25.5,5.969297672,838.986,41632.026,77.39,41.4,16.462,11.133,7894.393,0.1,539.849,7.11,13.5,47.4,8.8,72.06,1.14,0.73,0
URY,3473727,11.52339849,97.97,20.4019747,3.56,5.4,41,22.200001,16.8,58.7,0.15,3050,109.73,0.117333258,64.5,2.007,1792.180973,6.11148431,3.8,70,NaN,44.51229883,88.86733454,98.442101,2.782269859,10,41.7,7.150333043,342.859,35426.791,19.751,35.6,14.655,10.361,20551.409,0.1,160.708,6.93,14,19.9,2.8,77.91,1.26,21.58,3.37
USA,331002647,9.196934123,100,18.82514567,3.76,6.1,59,15.3,21.8,68.9,0.01,3682,167.21,0.104786257,70.2,1.868,9402.536971,8.27851771,4,71,0.15036696,47.42665101,93.41232021,99,0.235332781,10,41,8.040992466,1681.394,93193.66,35.608,38.3,15.413,9.732,54225.446,1.2,151.089,10.79,19.1,24.6,2.77,78.86,1.05,32.38,18.84
UZB,33469199,46.6910757,92.1,105.0869242,9.67,NaN,NaN,11.2,12.6,37.2,0.05,2760,83.19,0.405249557,45.7,2.313,339.6062029,3.11124825,NaN,23,NaN,99.21937623,94.74364512,99.995193,-0.588449175,-9,35.3,NaN,18.883,2507.828,76.134,28.2,4.469,2.873,6253.104,NaN,724.417,7.57,1.3,24.7,4,71.72,1.29,NaN,NaN
VAT,809,NaN,NaN,NaN,NaN,NaN,NaN,NaN,NaN,NaN,NaN,NaN,NaN,NaN,NaN,NaN,NaN,NaN,NaN,NaN,NaN,NaN,NaN,100,NaN,-9,NaN,NaN,NaN,33374.536,NaN,NaN,NaN,NaN,NaN,NaN,NaN,NaN,NaN,NaN,NaN,75.12,NaN,NaN,NaN
VCT,110947,17.37431954,95.98,48.67290216,6.61,NaN,NaN,9,NaN,55.9,0.29,2968,79.71,1.19594538,55,1.953,916.5527473,4.38522311,NaN,58,NaN,NaN,NaN,95.632156,1.94245495,NaN,NaN,NaN,90.133,15908.497,281.787,31.8,7.724,4.832,10727.146,NaN,252.675,11.62,NaN,NaN,2.6,72.53,0.96,NaN,NaN
VEN,28435943,26.33118091,96.16,34.74692209,5.33,6.6,46,16.6,NaN,59.1,0.39,2631,64.84,0.788253185,62.6,2.341,922.9886743,1.54276595,4.6,18,0.1149914,35.70427041,72.3079164,95.399246,-1.434521081,4,46.9,2.88085998,59.537,5945.785,36.253,29,6.614,3.915,16745.022,NaN,204.85,6.47,NaN,NaN,0.8,72.06,1.33,0.34,NaN
VNM,97338583,26.28590641,66.92,60.3175333,8.28,11,45,20.700001,22.8,38.3,0.26,2745,78.46,1.045362101,18.3,1.958,390.4974304,3.82001911,3.7,33,0.14363137,NaN,83.09534503,94.514267,-0.373983921,-7,34.8,6.416821979,0.36,27.204,308.127,32.6,7.15,4.718,6171.884,2,245.465,6,1,45.9,2.6,75.4,1.24,0.05,NaN
VUT,307150,8.848735261,12.57,139.6507287,9.99,NaN,NaN,16.299999,18.6,31.8,1.25,2836,98.31,13.51225208,54.1,3.312,150.361644,4.51074955,4.4,46,NaN,NaN,NaN,85.058678,2.312695773,NaN,37.3,NaN,NaN,9.767,22.662,23.1,4.394,2.62,2921.909,13.2,546.3,12.02,2.8,34.5,NaN,70.47,NaN,NaN,NaN
WSM,198410,3.857072798,32.29,76.83415608,8.79,3.5,26,22.4,27.7,45.3,0.29,2960,139.18,0.40858548,75.1,4.029,417.8138856,6.53686898,NaN,NaN,NaN,NaN,NaN,99.015007,2.560865976,NaN,42,NaN,NaN,15.12,69.413,22,5.606,3.564,6021.557,NaN,348.977,9.21,16.7,38.1,NaN,73.32,NaN,NaN,NaN
YEM,29825968,72.55386478,64.93,96.50135105,7.5,16,51,14.3,18.4,4.1,3.89,2223,38.98,10.5055763,42.3,4.104,202.1649506,1.27187099,3.1,14,NaN,35.10736215,66.58697659,69.961952,-2.108345997,0,36.7,6.37069288,32.723,166.801,53.508,20.3,2.922,1.583,1479.147,18.8,495.003,5.35,7.6,29.2,0.7,66.12,1.29,NaN,NaN
ZAF,59308690,35.91247747,84.75,57.85389002,4.96,20,49,14.9,20.3,40.6,2.04,3022,81.95,14.13730846,51.9,2.485,1148.372498,4.24326873,4.4,43,-0.16691782,42.21310176,76.62537872,94.597939,-1.061342789,9,63.4,6.658054541,894.169,26182.554,46.754,27.3,5.344,3.053,12294.876,18.9,200.38,5.52,8.1,33.2,2.32,64.13,0.79,0.46,0.46
ZMB,18383956,30.55029496,16.43,98.86996278,6,NaN,NaN,11.4,13.8,30.6,5.3,1930,44.68,47.61148505,23.9,5.041,194.6845109,2.76009455,4.6,35,NaN,56.70300313,82.52105957,85.117264,-0.043186178,7,57.1,6.603235047,66.58,4845.04,22.995,17.7,2.48,1.542,3689.251,57.5,234.499,3.94,3.1,24.7,2,63.89,0.75,NaN,NaN
ZWE,14862927,24.51303497,29.05,125.0288426,7.67,9,52,11.3,15.8,39,3.23,2110,57.04,25.50090808,32.4,3.836,114.6085066,2.37379078,4.7,22,-0.5091331,52.91058264,81.0441196,86.873482,-0.74135666,4,43.2,6.07711626,103.008,2487.128,42.729,19.6,2.822,1.882,1899.775,21.4,307.846,1.82,1.6,30.7,1.7,61.49,0.76,0.94,0.16